gender_exclusive,gender_inclusive,difficulty,origin,predictions,sacrebleu,bleurt,w_hmean,input_words,pred_n_words,target_n_words,target_pred_nword_difference
"Esta tarea crucial , en la que participaron todos los investigadores de la Comisión , ha arrojado varios resultados alarmantes","Esta tarea crucial , en la que participó todo el personal investigador de la Comisión , ha arrojado varios resultados alarmantes",dificultades_variadas,neutral_es,"Esta tarea crucial, en la que participó todo el personal investigador de la Comisión, ha arrojado varios resultados alarmantes",100.00000000000004,98.26775193214417,98.95339927092348,20,19,21,2
Los psicópatas representaban un peligro para la sociedad.,Las y los psicópatas representaban un peligro para la sociedad.,plurales,GPT-3.5_CaDi,Las personas psicópatas representaban un peligro para la sociedad.,70.80735452207037,56.38793110847473,61.38846395081466,8,9,10,1
"Como consecuencia , la cuantía económica estipulada se entregará a las candidaturas seleccionadas tras acabar la prueba","Como consecuencia , la cuantía económica estipulada se entregará a las candidaturas seleccionadas tras acabar la prueba",no_cambia,neutral_es,"Como consecuencia, la cuantía económica estipulada se entregará a las candidaturas seleccionadas tras acabar la prueba",100.00000000000004,100.33366680145264,100.19993323653745,17,16,17,1
A los visitantes se les ofrecerá una degustación gratuita de vinos.,A las visitas se les ofrecerá una degustación gratuita de vinos.,plural_complejo,GPT-3.5_fs_multiplication,Se ofrecerá una degustación gratuita de vinos a los visitantes.,43.81771342377721,20.05295306444168,25.60851698337079,11,10,11,1
Los asesores ofrecieron recomendaciones para mejorar el rendimiento,La asesoría ofreció recomendaciones para mejorar el rendimiento,plural_neutro,GPT-3.5_fewshot,El asesoramiento ofreció recomendaciones para mejorar el rendimiento,68.037493331712,49.62082505226135,55.645798402318796,8,8,8,0
David es vendedor,David es vendedor,feminizar_profesiones,human_combinatory,David es vendedor,0.0,99.48979020118713,0.002499962308258417,3,3,3,0
Los jefes Li Wang y Miguel Torres motivaron al equipo a alcanzar objetivos,Los jefes Li Wang y Miguel Torres motivaron al equipo a alcanzar objetivos,nombres_propios,GPT-3.5_fewshot,Los jefes Li Wang y Miguel Torres motivaron al equipo a alcanzar objetivos,100.00000000000004,102.27677822113037,101.35373828529795,13,13,13,0
Los negros enfrentan discriminación racial en muchas sociedades.,Las personas negras enfrentan discriminación racial en muchas sociedades.,terminologia,GPT-3.5_fs_multiplication,Las personas negras enfrentan discriminación racial en muchas sociedades.,100.00000000000004,97.95847535133362,98.76500007968652,8,9,9,0
Los participantes aprobaron el resultado,Nadie aprobó el resultado,persona_generica,guia_ONU,Quienes participaron aprobaron el resultado,21.3643503198117,7.292395830154419,9.900964108734742,5,5,4,-1
La literatura y la poesía de las francesas son admiradas por su elegancia y profundidad,La literatura y la poesía francesas son admiradas por su elegancia y profundidad,culturas,GPT-3.5_fewshot,La literatura y la poesía francesas son admiradas por su elegancia y profundidad,100.00000000000004,98.6867606639862,99.20789550727945,15,13,13,0
Los abogados del bufete de abogados están preparando una estrategia legal.,Miembros del bufete de abogados están preparando una estrategia legal.,omision,GPT-3.5_fewshot,La abogacía del bufete de abogados está preparando una estrategia legal.,53.107253497886994,48.63881468772888,50.33281378368615,11,11,10,-1
Unos cincuenta voluntarios participaron en la limpieza del parque.,Aproximadamente cincuenta voluntarios participaron en la limpieza del parque.,parafrasis,GPT-3.5_fewshot,Aproximadamente cincuenta personas participaron en la limpieza del parque.,70.71067811865478,75.90291500091553,73.73712818214472,9,9,9,0
en la vida de los académicos,su labor profesional,otros,guia_IEM,en la vida académica,0.0,0.0,0.001,6,4,3,-1
Inspectoras y Jefes de Obra concluyeron el proyecto a tiempo.,El equipo de Obra concluyó el proyecto a tiempo.,colectivos,guia_TAI,Inspectoras y Jefes de Obra concluyeron el proyecto a tiempo.,40.35278637463989,14.165335893630981,19.13161795595814,10,10,9,-1
Hay que respetar los derechos de los otros,Hay que respetar los derechos de la gente,dificultades_variadas,neutral_es,Hay que respetar los derechos de las demás,68.037493331712,58.32390785217285,61.856354180590195,8,8,8,0
Los decanos son los líderes académicos de las facultades universitarias.,El decanato es el liderazgo académico de las facultades universitarias.,plurales,GPT-3.5_CaDi,La dedecano es la persona que ocupa el cargo de decano en una facultad universitaria.,3.4585921141027365,0.0,0.001666345467478769,10,15,10,-5
Para obtener una cátedra se requiere ser constante,Para obtener una cátedra se requiere ser constante,no_cambia,neutral_es,Para obtener una cátedra se requiere ser constante,100.00000000000004,102.76691913604736,101.64197859366132,8,8,8,0
Los entrenadores deportivos guían a los deportistas hacia la excelencia.,Los entrenadores y entrenadoras deportivas guían a los deportistas hacia la excelencia.,plural_complejo,GPT-3.5_fs_multiplication,El personal de la federación guía a los deportistas hacia la excelencia.,47.037095938668976,2.3401733487844467,3.775077997004016,10,12,12,0
El gobernador impulsó la educación en la región.,El gobierno impulsó la educación en la región.,plural_neutro,GPT-3.5_fs_multiplication,La gobernación impulsó la educación en la región.,72.59795291154772,51.716041564941406,58.439843440270415,8,8,8,0
la madre de mi novio era una artista plástico bastante buena y disfruta haciendo manualidades y artesanías.,la madre de mi novio era una artista plástica bastante buena y disfruta haciendo manualidades y artesanías.,feminizar_profesiones,human_combinatory,la madre de mi novio era una artista plástica bastante buena y disfruta haciendo manualidades y artesanías.,100.00000000000004,95.94274163246155,97.52548600909621,17,17,17,0
El vicedirector Martínez lideró la reunión del equipo administrativo.,El vicedirector Martínez lideró la reunión del equipo administrativo.,nombres_propios,GPT-3.5_fewshot,El vicedirector Martínez lideró la reunión del equipo administrativo.,100.00000000000004,95.77530026435852,97.4216084380139,9,9,9,0
Los criminales deben ser castigados por sus acciones.,Las personas que cometen actos delictivos deben ser responsables por sus acciones.,terminologia,GPT-3.5_fewshot,Las personas que cometen delitos deben ser castigadas por sus acciones.,42.86982293646294,49.72577691078186,46.73607148979686,8,11,12,1
Dichos estudiantes serán premiados por su excelencia académica.,Tales estudiantes serán premiados por su excelencia académica.,persona_generica,GPT-3.5_fewshot,Tales estudiantes serán premiados por su excelencia académica.,100.00000000000004,99.38449263572693,99.62978409898238,8,8,8,0
Los indios tienen una rica tradición culinaria,En India tienen una rica tradición culinaria.,culturas,GPT-3.5_fs_multiplication,Los indios tienen una rica tradición culinaria,53.29462628216855,0.0,0.0016666458184632017,7,7,7,0
Los profesionales de la salud ofrecerán charlas sobre prevención de enfermedades,Habrá charlas sobre prevención de enfermedades ofrecidas por profesionales de la salud,omision,GPT-3.5_fewshot,Profesionales de la salud ofrecerán charlas sobre prevención de enfermedades,43.01463832259786,0.0,0.00166664083606727,11,10,12,2
El personal que no esté capacitado para esta tarea debe solicitar formación,El personal que no tenga capacitación para esta tarea debe solicitar formación,parafrasis,GPT-3.5_fewshot,El personal que no tenga la capacitación para esta tarea debe solicitar formación,76.11606003349888,93.71866583824158,85.78335936617844,12,13,12,-1
Estamos comprometidos con el desarrollo personal y profesional de nuestros empleados.,Tenemos un compromiso con el desarrollo personal y profesional de nuestros empleados.,otros,GPT-3.5_fewshot,Estamos comprometidas y comprometidos con el desarrollo personal y profesional de nuestros empleados.,67.67781116542882,39.78999853134155,47.64281728491542,11,13,12,-1
Todos los relevadores,Las personas que desempeñan tareas de relevo,colectivos,guia_TAI,Relevadores,0.0,0.0,0.001,3,1,7,6
muchos jóvenes salen de fiesta asiduamente,una gran mayoría de jóvenes salen de fiesta asiduamente,dificultades_variadas,neutral_es,gran parte de la juventud sale de fiesta asiduamente,20.164945583740657,2.441941574215889,3.7658751225410723,6,9,9,0
Nosotros abogamos por la abolición de la prostitución,abogamos por la abolición de la prostitución,dificultades_variadas,neutral_es,Abogamos por la abolición de la prostitución,80.91067115702207,99.67952370643616,91.21579101344201,8,7,7,0
Los adultos asumen responsabilidades en la vida laboral y familiar.,Las personas adultas asumen responsabilidades en la vida laboral y familiar.,plurales,GPT-3.5_CaDi,Las personas adultas asumen responsabilidades en la vida laboral y familiar.,100.00000000000004,95.78482508659363,97.42752126056523,10,11,11,0
Los jefes de prensa coordinaron las comunicaciones del grupo parlamentario.,Los responsables de prensa coordinaron las comunicaciones del grupo parlamentario.,plurales,GPT-3.5_fewshot,La jefatura de prensa coordinó las comunicaciones del grupo parlamentario.,51.93071778680675,29.548543691635132,35.703906769620055,10,10,10,0
Los docentes Hugo y Mateo impartirán el temario de Conocimiento del Medio.,Los docentes Hugo y Mateo impartirán el temario de Conocimiento del Medio.,no_cambia,neutral_es,Los docentes Hugo y Mateo impartirán el temario de Conocimiento del Medio.,100.00000000000004,97.05222249031067,98.2102301205943,12,12,12,0
El número de profesorado admitido ha sido menor que en otras ocasiones,El número de profesorado admitido ha sido menor que en otras ocasiones,no_cambia,neutral_es,El número de profesorado admitido ha sido menor que en otras ocasiones,100.00000000000004,102.35161781311035,101.39782211433173,12,12,12,0
La mayoría de los abogados tienen experiencia.,La mayoría del personal jurídico tiene experiencia.,plural_complejo,GPT-3.5_fewshot,La mayoría de abogadas y abogados tienen experiencia.,13.485111859503684,8.88098031282425,10.285690056826123,7,8,7,-1
Los camareros sirven comida en el restaurante local.,El personal de servicio sirve comida en el restaurante local.,plural_complejo,GPT-3.5_fs_multiplication,Las camareras y los camareros sirven comida en el restaurante local.,41.72261448611506,0.0,0.001666640036184106,8,11,10,-1
Los directores lideraron la implementación del nuevo programa,La dirección lideró la implementación del nuevo programa,plural_neutro,GPT-3.5_fewshot,La dirección lideró la implementación del nuevo programa.,86.33400213704509,89.26379680633545,88.06833667733119,8,8,8,0
Los alumnos organizaron un evento cultural,El alumnado organizó un evento cultural,plural_neutro,GPT-3.5_fewshot,El alumnado organizó un evento cultural,100.00000000000004,102.13446617126465,101.26983799776197,6,6,6,0
Pablo era un técnico de sistemas malísimo y aprende nuevas habilidades de idiomas a través de cursos en línea.,Pablo era un técnico de sistemas malísimo y aprende nuevas habilidades de idiomas a través de cursos en línea.,feminizar_profesiones,human_combinatory,Pablo era un técnico de sistemas malísimo y aprende nuevas habilidades de idiomas a través de cursos en línea.,100.00000000000004,94.02483105659485,96.32711418083966,19,19,19,0
el tío de Nerea es muy buen ejecutivo de ventas,el tío de Nerea es muy buen ejecutivo de ventas,feminizar_profesiones,human_combinatory,el tío de Nerea es muy buen ejecutivo de ventas,100.00000000000004,101.57440900802612,100.93873360225756,10,10,10,0
Los secretarios Juan Pérez y David Martínez gestionaron la correspondencia del departamento,Los secretarios Juan Pérez y David Martínez gestionaron la correspondencia del departamento,nombres_propios,GPT-3.5_fewshot,Los secretarios Juan Pérez y David Martínez gestionaron la correspondencia del departamento,100.00000000000004,97.69737124443054,98.60557941491201,12,12,12,0
Las ministras Carla López y Andrea Sánchez supervisaron la implementación de programas sociales,Las ministras Carla López y Andrea Sánchez supervisaron la implementación de programas sociales,nombres_propios,GPT-3.5_fewshot,Las ministras Carla López y Andrea Sánchez supervisaron la implementación de programas sociales,100.00000000000004,97.64318466186523,98.57245293787142,13,13,13,0
Los drogadictos necesitan tratamiento para superar su adicción.,Las personas con problemas de adicción necesitan tratamiento para superar su adicción.,terminologia,GPT-3.5_fewshot,Las personas con problemas de adicción necesitan tratamiento para superar su adicción.,100.00000000000004,95.64467668533325,97.34047362224393,8,12,12,0
Las personas discapacitadas necesitan accesibilidad en los espacios públicos.,Las personas con discapacidad física necesitan accesibilidad en los espacios públicos.,terminologia,GPT-3.5_fs_multiplication,Las personas con discapacidad necesitan accesibilidad en los espacios públicos.,74.26141117870938,74.66992735862732,74.50598272595133,9,10,11,1
Los nuevos empleados están capacitados para utilizar el software de gestión de proyectos.,Las nuevas incorporaciones son capaces de utilizar el software de gestión de proyectos.,persona_generica,GPT-3.5_fewshot,Se capacita a las nuevas personas para utilizar el software de gestión de proyectos.,49.00941039306948,35.1230263710022,39.61257592470633,13,14,13,-1
Los que sobresalgan en la presentación serán elogiados por el equipo.,Quienes sobresalgan en la presentación serán elogiados por el equipo.,persona_generica,GPT-3.5_fewshot,Quienes sobresalgan en la presentación serán elogiados por el equipo.,100.00000000000004,98.90666604042053,99.34111811248043,11,10,10,0
Los suizos son expertos en la fabricación de relojes,En Suiza son especialistas en la fabricación de relojes.,culturas,GPT-3.5_fs_multiplication,La población suiza es experta en la fabricación de relojes.,46.17366309441026,28.977078199386597,34.04954457711361,9,10,9,-1
Los marroquíes son famosos por su exquisita cocina,En Marruecos tienen fama por su exquisita cocina.,culturas,GPT-3.5_fs_multiplication,La población marroquí es famosa por su exquisita cocina.,39.281465090051306,9.182830154895782,13.241130422478074,8,9,8,-1
Se solicita a los empleados que completen el formulario de evaluación.,Se solicita completar el formulario de evaluación.,omision,GPT-3.5_fewshot,Se solicita completar el formulario de evaluación.,100.00000000000004,99.13048148155212,99.47646800587574,11,7,7,0
Los modelos de la agencia desfilarán en la pasarela de moda.,Modelos de la agencia desfilarán en la pasarela de moda.,omision,GPT-3.5_fewshot,Las personas modelos de la agencia desfilarán en la pasarela de moda.,73.61703354503868,63.659149408340454,67.3005402660501,11,12,10,-2
Se alienta a los ciudadanos a reciclar para reducir la contaminación.,Se alienta a cada ciudadano a reciclar para reducir la contaminación.,parafrasis,GPT-3.5_fewshot,Se alienta a la ciudadanía a reciclar para reducir la contaminación.,63.404662770468576,66.17200970649719,65.0365803950129,11,11,11,0
El personal que no esté contemplado en el contrato no podrá asistir;,El personal que no se contemple en el contrato no podrá asistir,parafrasis,GPT-3.5_fewshot,El personal que no esté contemplado en el contrato no podrá asistir;,57.83569866465144,55.84571957588196,56.625049063647445,12,12,12,0
labor profesional de estos,su desempeño,otros,guia_IEM,labor profesional de estas,0.0,0.0,0.001,4,4,2,-2
"Como consecuencia del acelerado ritmo de vida actual, las múltiples tareas laborales y los diversos roles que actualmente deben cumplir los profesionales, se observa un problema en del aumento del nivel de estrés en las profesiones de académicos universitarios, problemática que conlleva a cambios de ánimo, disminución del rendimiento, ansiedad, dolores físicos, aparición de enfermedades y, en algunos casos, depresión severa; todo lo cual perjudica el cumplimiento de la labor profesional de estos.","Como consecuencia del acelerado ritmo de la vida moderna, las múltiples tareas laborales y los diversos roles profesionales que actualmente se deben cumplir, se observa un considerable aumento del nivel de estrés en la población académica universitaria, situación que conlleva a cambios de ánimo, disminución del rendimiento, estados de ansiedad, dolores físicos, aparición de enfermedades y, en algunos casos, depresión severa; todo lo cual perjudica su desempeño.",otros,guia_IEM,"Como consecuencia del acelerado ritmo de vida actual, las múltiples tareas laborales y los diversos roles que actualmente deben cumplir las profesiones de académicos universitarios, problemática que conlleva a cambios de ánimo, disminución del rendimiento, ansiedad, dolores físicos, aparición de enfermedades y, en algunos casos, depresión severa; todo lo cual perjudica el cumplimiento de la labor profesional de estos.",56.56529324440822,0.0,0.0016666470239148623,73,59,67,8
No lo dudes hazte socia y forma parte de nuestra asociación,No lo dudes asóciate y forma parte de nuestra asociación,dificultades_variadas,neutral_es,No lo dudes asóciate y forma parte de nuestra asociación,100.00000000000004,101.61423683166504,100.96232839524005,11,10,10,0
El enfermo crónico necesita más cuidados.,La persona enferma crónica necesita más cuidados.,dificultades_variadas,neutral_es,La persona enferma crónica necesita más cuidados.,100.00000000000004,100.10147094726562,100.06085786713768,6,7,7,0
Todos los ponentes al viaje contarán con un regalo,Cada ponente al viaje contará con un regalo,dificultades_variadas,neutral_es,Cada ponente al viaje contará con un regalo,100.00000000000004,102.84335613250732,101.68682866103308,9,8,8,0
Establecer un protocolo de actuación para todos los formadores de manera unívoca,Establecer un protocolo de actuación para todo el profesorado de manera unívoca,dificultades_variadas,neutral_es,Establecer un protocolo de actuación para todo el profesorado de manera unívoca,100.00000000000004,99.79403614997864,99.87631979538273,12,12,12,0
Alguno quiere salir a la pizarra,Alguien quiere salir a la pizarra,dificultades_variadas,neutral_es,Quien quiera salir a la pizarra,50.81327481546147,65.7015323638916,58.80911847953378,6,6,6,0
Habitualmente los equipos de futbol funcionan únicamente como vehículo para que alguno pueda hacerse con el control,Habitualmente los equipos de futbol funcionan únicamente como vehículo para que cierta persona pueda hacerse con el control,dificultades_variadas,neutral_es,Habitualmente los equipos de futbol funcionan únicamente como vehículo para que cierta persona pueda hacerse con el control,100.00000000000004,100.53620338439941,100.32103347369925,17,18,18,0
La normativa está enfocada a los voluntarios y les explicaba los detalles del proceso,La normativa está enfocada al voluntariado y les explicaba los detalles del proceso,dificultades_variadas,neutral_es,La normativa está enfocada al voluntariado y les explicaba los detalles del proceso,100.00000000000004,100.01288652420044,100.0077315159908,14,13,13,0
El tribunal estará compuesto por profesionales acreditados,El tribunal estará compuesto por profesionales con acreditación,dificultades_variadas,neutral_es,El tribunal estará compuesto por profesionales con acreditación.,86.33400213704509,88.02915215492249,87.34316625746446,7,8,8,0
"Entre los años 2000 y 2006 , el número de socios del servicio básico de telefonía fija creció al 5% promedio anual.","Entre los años 2000 y 2006 , el número de personas asociadas del servicio básico de telefonía fija creció al 5% promedio anual.",dificultades_variadas,neutral_es,"Entre los años 2000 y 2006, el número de personas socias del servicio básico de telefonía fija creció al 5% promedio anual.",88.95260356363632,78.09056639671326,82.10070611387894,22,22,23,1
Mientras esté ingresado no debe tomar vitaminas que no le sean suministradaa por los expertos de nuestro centro,Mientras esté ingresado no debe tomar vitaminas que no le sean suministradas por el personal especializado de nuestro centro,dificultades_variadas,neutral_es,Mientras esté ingresado no debe tomar vitaminas que no le sean suministradas por el equipo de especialistas de nuestro centro,74.83293841345241,57.226526737213135,63.17164096453436,18,20,19,-1
Los beneficiarios reciben ayuda económica del gobierno.,Las personas beneficiarias reciben ayuda económica del gobierno.,plurales,GPT-3.5_CaDi,Las personas beneficiarias reciben ayuda económica del gobierno.,100.00000000000004,97.72935509681702,98.62512565237037,7,8,8,0
Los aprendices adquieren habilidades durante su formación.,El conjunto de aprendices adquiere habilidades durante su formación.,plurales,GPT-3.5_CaDi,Quienes aprenden adquieren habilidades durante su formación.,40.26190971287385,33.064004778862,35.61054378445748,7,7,9,2
Los calígrafos tienen una escritura hermosa y precisa.,Calígrafas y calígrafos tienen una escritura hermosa y precisa.,plurales,GPT-3.5_CaDi,Calígrafas y calígrafos tienen una escritura hermosa y precisa.,100.00000000000004,97.71464467048645,98.61613632135868,8,9,9,0
Los centinelas vigilan el perímetro del edificio durante la noche.,Las y los centinelas vigilan el perímetro del edificio durante la noche.,plurales,GPT-3.5_CaDi,El personal de seguridad vigila el perímetro del edificio durante la noche.,55.93684915933074,17.44074672460556,24.065582799838,10,12,12,0
Los lavacoches dejaron relucientes los automóviles de los clientes.,El servicio de lavacoches dejó relucientes los automóviles de los clientes.,plurales,GPT-3.5_CaDi,Las y los lavacoches dejaron relucientes los automóviles de los clientes.,53.3167536340577,10.110312700271606,14.959382796673822,9,11,11,0
Los regatistas compitieron en una emocionante regata en el mar.,Las y los participantes en la regata compitieron en una emocionante carrera en el mar.,plurales,GPT-3.5_CaDi,Las y los regatistas compitieron en una emocionante regata en el mar.,38.611500907891156,37.719741463661194,38.07145615784347,10,12,15,3
Los coordinadores organizan el evento para asegurarse de que todo salga bien.,La coordinación del evento está a cargo de garantizar que todo salga bien.,plurales,GPT-3.5_CaDi,La coordinación organiza el evento para asegurarse de que todo salga bien.,32.79475209724913,25.526809692382812,28.009813171712665,12,12,13,1
El hombre urbano está acostumbrado al bullicio de la ciudad.,La población urbana está acostumbrada al bullicio de la ciudad.,plurales,GPT-3.5_fewshot,La población urbana está acostumbrada al bullicio de la ciudad.,100.00000000000004,95.63714861869812,97.33579505023835,10,10,10,0
Los libreros recomendaron libros interesantes a los clientes.,El gremio de librerías recomendó libros interesantes a los clientes.,plurales,GPT-3.5_CaDi,Libreras y libreros recomendaron libros interesantes a los clientes.,46.77766538205128,19.20195072889328,25.12694462978649,8,9,10,1
Los bodegueros se encargan del almacenamiento de productos.,Bodegueras y bodegueros se encargan del almacenamiento de productos.,plurales,GPT-3.5_CaDi,La botica se encarga del almacenamiento de productos.,41.80134288483489,0.46072639524936676,0.7622762171026146,8,8,9,1
Tenemos que cubrir las carencias que tiene el personal promotor añadiendo personal cualificado con un perfil diferente para compensar los errores pasados,Tenemos que cubrir las carencias que tiene el personal promotor añadiendo personal cualificado con un perfil diferente para compensar los errores pasados,no_cambia,neutral_es,Tenemos que cubrir las carencias que tiene el personal promotor añadiendo personal cualificado con un perfil diferente para compensar los errores pasados,100.00000000000004,100.44862031936646,100.26869003238733,22,22,22,0
Se han incorporado al centro dos docentes para el nuevo curso. Los profesores Marcos y Ricardo serán los responsables de coordinar el departamento de Química.,Se han incorporado al centro dos docentes para el nuevo curso. Los profesores Marcos y Ricardo serán los responsables de coordinar el departamento de Química.,no_cambia,neutral_es,Se han incorporado al centro dos docentes para el nuevo curso. Los profesores Marcos y Ricardo serán los responsables de coordinar el departamento de Química.,100.00000000000004,90.35225510597229,93.97899664612635,25,25,25,0
el camarero debe atender el establecimiento,el camarero debe atender el establecimiento,no_cambia,neutral_es,el camarero debe atender el establecimiento,100.00000000000004,102.88736820220947,101.71264082271249,6,6,6,0
Se han incorporado al centro dos docentes para el nuevo curso. Los profesores Jordi y Alfonso serán los responsables de coordinar el departamento de Matemáticas.,Se han incorporado al centro dos docentes para el nuevo curso. Los profesores Jordi y Alfonso serán los responsables de coordinar el departamento de Matemáticas.,no_cambia,neutral_es,Se han incorporado al centro dos docentes para el nuevo curso. Los profesores Jordi y Alfonso serán los responsables de coordinar el departamento de Matemáticas.,100.00000000000004,89.45090770721436,93.39169828559322,25,25,25,0
Las formadoras Isabel y Dolores impartirán la asignatura de Lengua Castellana.,Las formadoras Isabel y Dolores impartirán la asignatura de Lengua Castellana.,no_cambia,neutral_es,Las formadoras Isabel y Dolores impartirán la asignatura de Lengua Castellana.,100.00000000000004,96.96760773658752,98.15822470128546,11,11,11,0
Aún no existe una compresión cabal de por qué ciertas personas tienen reacciones alérgicas,Aún no existe una compresión cabal de por qué ciertas personas tienen reacciones alérgicas,no_cambia,neutral_es,Aún no existe una compresión cabal de por qué ciertas personas tienen reacciones alérgicas,100.00000000000004,100.94465017318726,100.56465649249866,14,14,14,0
El personal intermediador del acuerdo se ocupará también de saber si la oficina tiene las deudas saldadas y si no hay cargas,El personal intermediador del acuerdo se ocupará también de saber si la oficina tiene las deudas saldadas y si no hay cargas,no_cambia,neutral_es,El personal intermediador del acuerdo se ocupará también de saber si la oficina tiene las deudas saldadas y si no hay cargas,100.00000000000004,100.95887184143066,100.5731248915778,22,22,22,0
Es crucial solventar los problemas que presenta el personal promotor contratando personal cualificado con un perfil diferente para compensar las carencias,Es crucial solventar los problemas que presenta el personal promotor contratando personal cualificado con un perfil diferente para compensar las carencias,no_cambia,neutral_es,Es crucial solventar los problemas que presenta el personal promotor contratando personal cualificado con un perfil diferente para compensar las carencias,100.00000000000004,99.98475909233093,99.99085489787996,21,21,21,0
Las formadoras Valeria y Manuela impartirán el temario de Conocimiento del Medio.,Las formadoras Valeria y Manuela impartirán el temario de Conocimiento del Medio.,no_cambia,neutral_es,Las formadoras Valeria y Manuela impartirán el temario de Conocimiento del Medio.,100.00000000000004,97.2197413444519,98.31308456167685,12,12,12,0
Las profesoras Lucía y Sofía impartirán la asignatura de Educación Física.,Las profesoras Lucía y Sofía impartirán la asignatura de Educación Física.,no_cambia,neutral_es,Las profesoras Lucía y Sofía impartirán la asignatura de Educación Física.,100.00000000000004,97.4847137928009,98.47548995936882,11,11,11,0
Los empresarios chinos están liderando la economía global.,La comunidad empresarial china está liderando la economía global.,plural_complejo,GPT-3.5_fewshot,Las empresarias y empresarios chinos están liderando la economía global.,35.08439695638686,1.7808850854635239,2.870987531259281,8,10,9,-1
Los chefs tailandeses son maestros en la cocina asiática.,La comunidad culinaria tailandesa es maestra en la cocina asiática.,plural_complejo,GPT-3.5_fewshot,Los chefs y las chefas tailandesas son maestros en la cocina asiática.,28.917849332325716,0.0,0.0016666282445321715,9,12,10,-2
Los abogados representaron a sus clientes en el tribunal con profesionalismo.,La abogacía representó a sus clientes en el tribunal con profesionalismo.,plural_complejo,GPT-3.5_fs_multiplication,La abogacía representó a sus clientes en el tribunal con profesionalismo.,100.00000000000004,94.23351883888245,96.45842152101064,11,11,11,0
Los deudores deben pagar sus deudas antes de la fecha límite.,Las personas que tienen deudas deben pagarlas antes de la fecha límite.,plural_complejo,GPT-3.5_fs_multiplication,Quienes adeudan deben pagar sus deudas antes de la fecha límite.,41.24914892312113,24.050655961036682,28.864598644464575,11,11,12,1
Los científicos realizan experimentos en el laboratorio.,Las y los científicos realizan experimentos en el laboratorio.,plural_complejo,GPT-3.5_fewshot,Las personas científicas realizan experimentos en el laboratorio.,54.627576446464936,47.63346016407013,50.20459201586103,7,8,9,1
Los científicos realizan experimentos en el laboratorio.,Las científicas y los científicos realizan experimentos en el laboratorio.,plural_complejo,GPT-3.5_fs_multiplication,Las personas científicas realizan experimentos en el laboratorio.,50.54229726989799,46.050381660461426,47.74780436852697,7,8,10,2
Los médicos veterinarios cuidan la salud de los animales domésticos.,El equipo médico veterinario cuida la salud de los animales domésticos.,plural_complejo,GPT-3.5_fewshot,Las y los médicos veterinarios cuidan la salud de los animales domésticos.,47.037095938668976,12.506455183029175,17.705648506790396,10,12,11,-1
Los pintores exponen sus obras en la galería de arte.,Los y las pintoras exponen sus obras en la galería de arte.,plural_complejo,GPT-3.5_fewshot,Las y los pintores exponen sus obras en la galería de arte.,66.52049901111006,76.71591639518738,72.2843834365247,10,12,12,0
Los atletas kenianos son reconocidos por su dominio en carreras de larga distancia.,La comunidad atlética de Kenia es reconocida por su dominio en carreras de larga distancia.,plural_complejo,GPT-3.5_fewshot,El equipo keniano es reconocido por su dominio en carreras de larga distancia.,53.01288270677013,25.211521983146667,31.904054732812643,13,13,15,2
Los redactores están revisando el contenido para asegurar su calidad.,El equipo de redacción está revisando el contenido para asegurar su calidad.,plural_complejo,GPT-3.5_fs_multiplication,El equipo de redacción está revisando el contenido para asegurar su calidad.,100.00000000000004,96.94375991821289,98.14356105851836,10,12,12,0
El colaborador aportó nuevas ideas al proyecto de investigación.,Las colaboraciones aportaron nuevas ideas al proyecto de investigación.,plural_neutro,GPT-3.5_fewshot,La colaboración aportó nuevas ideas al proyecto de investigación.,63.894310424627285,61.11144423484802,62.19498561110323,9,9,9,0
Las redactoras escribieron artículos para el boletín informativo de la empresa.,La redacción escribió artículos para el boletín informativo de la empresa.,plural_neutro,GPT-3.5_fewshot,La redacción redactó artículos para el boletín informativo de la empresa.,76.91605673134588,71.82452082633972,73.7780456661395,11,11,11,0
Los funcionarios administraron los recursos públicos,El funcionariado administró los recursos públicos,plural_neutro,GPT-3.5_fewshot,El funcionariado administró los recursos públicos,100.00000000000004,100.86665153503418,100.51819454463032,6,6,6,0
Los líderes juveniles promovieron la inclusión de los jóvenes en la comunidad.,Los líderes juveniles promovieron la inclusión de la juventud en la comunidad.,plural_neutro,GPT-3.5_fs_multiplication,Las y los líderes juveniles promovieron la inclusión de jóvenes en la comunidad.,53.16967153331756,17.906174063682556,24.371768148923916,12,13,12,-1
Los jóvenes que deseen estudiar,La juventud que desee estudiar,plural_neutro,guia_MX,Quienes deseen estudiar,0.0,11.106829345226288,0.0024996624154827018,5,3,5,2
El intendente coordinó la limpieza de la ciudad,La intendencia coordinó la limpieza de la ciudad,plural_neutro,GPT-3.5_fewshot,La intendencia coordinó la limpieza de la ciudad.,86.33400213704509,83.6350679397583,84.69413571623573,8,8,8,0
Los diputados presentaron un proyecto de ley para mejorar la educación.,El Congreso presentó un proyecto de ley para mejorar la educación.,plural_neutro,GPT-3.5_fs_multiplication,El grupo parlamentario presentó un proyecto de ley para mejorar la educación.,75.39221180326287,55.350106954574585,61.93609022538959,11,12,11,-1
Los amigos comparten momentos felices,Las amistades comparten momentos felices,plural_neutro,GPT-3.5_fewshot,Las amigas comparten momentos felices,42.7287006396234,40.672630071640015,41.47084754886875,5,5,5,0
Los delegados participaron en la negociación del tratado comercial.,La delegación participó en la negociación del tratado comercial.,plural_neutro,GPT-3.5_fs_multiplication,Las delegaciones participaron en la negociación del tratado comercial.,63.894310424627285,48.26260805130005,53.49789880685924,9,9,9,0
Los jefes coordinaron la implementación del nuevo sistema,La jefatura coordinó la implementación del nuevo sistema,plural_neutro,GPT-3.5_fewshot,La jefatura coordinó la implementación del nuevo sistema,100.00000000000004,97.74344563484192,98.63373517750856,8,8,8,0
Anímate hazte socio y forma parte de nuestro proyecto,Anímate asóciate y forma parte de nuestro proyecto,dificultades_variadas,neutral_es,Anímate asóciate y forma parte de nuestro proyecto,100.00000000000004,102.19584703445435,101.30603679260095,9,8,8,0
Datos de la solicitante,Datos la persona solicitante,dificultades_variadas,neutral_es,Datos la solicitante,0.0,64.15076851844788,0.0024999415453251053,4,3,4,1
De los profesionales experimentados se obtuvieron buenas sugerencias,De profesionales con experiencia se obtuvieron buenas sugerencias,dificultades_variadas,neutral_es,De los profesionales con experiencia se obtuvieron buenas sugerencias,75.06238537503395,86.38536334037781,81.46956894155946,8,9,8,-1
Se contó con la presencia de unos ciento cincuenta asistentes,Se contó con la presencia de aproximadamente ciento cincuenta asistentes,dificultades_variadas,neutral_es,Se contó con la presencia de ciento cincuenta asistentes,66.90484408935988,57.781559228897095,61.11507092861458,10,9,10,1
Los interesados en Azerbaiyán y Corea pueden leerlo en sus idiomas locales,Las personas interesadas en Azerbaiyán y Corea pueden leerlo en sus idiomas locales,dificultades_variadas,neutral_es,Las personas interesadas en Azerbaiyán y Corea pueden leerlo en sus idiomas locales,100.00000000000004,102.25725173950195,101.34223202144034,12,13,13,0
Todos los ponentes al viaje contarán con una acreditación,Cada ponente al viaje contará con una acreditación,dificultades_variadas,neutral_es,Cada ponente al viaje contará con una acreditación,100.00000000000004,99.82516169548035,99.89502360170626,9,8,8,0
Participaron unos veintitrés participantes,Participaron al rededor de veintitrés participantes,dificultades_variadas,neutral_es,Participaron veintitrés participantes,0.0,11.004883050918579,0.002499659288616192,4,3,6,3
Cada uno de los ponentes deberá solicitar que se expida el certificado correspondiente,Cada ponente deberá solicitar que se expida el certificado correspondiente,dificultades_variadas,neutral_es,Cada ponente deberá solicitar que se expida el certificado correspondiente,100.00000000000004,101.87509059906006,101.11667886328122,13,10,10,0
Cada uno de los ponentes deberá solicitar la documentación actualizada,Cada ponente deberá solicitar la documentación actualizada,dificultades_variadas,neutral_es,Cada ponente deberá solicitar la documentación actualizada,100.00000000000004,99.76591467857361,99.85941717363978,10,7,7,0
Todos los ponentes al curso contarán con un regalo,Cada ponente al curso contará con un regalo,dificultades_variadas,neutral_es,Cada ponente al curso contará con un regalo,100.00000000000004,102.82261371612549,101.67466055031858,9,8,8,0
"La de Madrid organizada por los directores del Campeonato de Europa de Atletismo , tendrá lugar el 5 de septiembre","La de Madrid organizada por el equipo directivo del Campeonato de Europa de Atletismo , tendrá lugar el 5 de septiembre",dificultades_variadas,neutral_es,"La de Madrid organizada por el equipo directivo del Campeonato de Europa de Atletismo, tendrá lugar el 5 de septiembre",100.00000000000004,96.64793610572815,97.96142796862799,20,20,21,1
Cada uno de los asistentes podrá solicitar el certificado,Cada asistente podrá solicitar el certificado,dificultades_variadas,neutral_es,Cada asistente podrá solicitar el certificado,100.00000000000004,104.47099208831787,102.63546272109052,9,6,6,0
"Debido a esto , el premio se entregará a las candidatas seleccionadas en una ceremonia","Debido a esto , el premio se entregará a las candidaturas seleccionadas en una ceremonia",dificultades_variadas,neutral_es,"Debido a esto, el premio se entregará a las candidaturas seleccionadas en una ceremonia",100.00000000000004,99.49937462806702,99.69902206808379,15,14,15,1
Con esta charla se mejorará su capacidad para atender amablemente a los pacientes extranjeros,Con esta charla se mejorará su capacidad para atender amablemente a pacientes extranjeros,dificultades_variadas,neutral_es,Con esta charla se mejorará su capacidad para atender amablemente a pacientes extranjeros,100.00000000000004,103.22861671447754,101.91247147915233,14,13,13,0
Participaron unos quinientos asistentes,Participaron al rededor de quinientos asistentes,dificultades_variadas,neutral_es,Participaron quinientos asistentes,0.0,25.654643774032593,0.0024998538361792394,4,3,6,3
el autor de este escrito es Oscar Wilde,la autoría de este escrito es Oscar Wilde,dificultades_variadas,neutral_es,la autoría de este escrito es Oscar Wilde,100.00000000000004,102.63664722442627,101.56547788299537,8,8,8,0
Se contó con la presencia de unos veintitrés participantes,Se contó con la presencia de veintitrés participantes,dificultades_variadas,neutral_es,Se contó con la presencia de veintitrés participantes,100.00000000000004,101.79951190948486,101.07199090409583,9,8,8,0
Hemos aumentado el número de formadores admitidos,Hemos aumentado el número de profesorado admitido,dificultades_variadas,neutral_es,Hemos admitido el número de formadoras y formadores admitidos,20.164945583740657,21.00287526845932,20.659483428129413,7,9,7,-2
Los pacientes deben esperar en la sala de espera hasta ser llamados por el médico.,Quienes deseen ser atendidos deben esperar en la sala de espera hasta ser llamados por el médico.,dificultades_variadas,GPT-3.5_fewshot,Pacientes deben esperar en la sala de espera hasta ser llamados por el médico.,75.76462188237684,35.87453365325928,45.44532202449805,15,14,17,3
Participaron unos quinientos participantes,Participaron al rededor de quinientos participantes,dificultades_variadas,neutral_es,Participaron quinientos participantes,0.0,23.342427611351013,0.0024998393586519617,4,3,6,3
Los secretarios del comité redactaron el acta de la reunión.,La Secretaría del comité redactó el acta de la reunión.,plurales,GPT-3.5_fs_multiplication,La secretaría redactó el acta de la reunión.,60.10525952194528,61.548978090286255,60.96324717335446,10,8,10,2
Los escritores famosos publicarán nuevos libros.,Los y las escritoras famosas publicarán nuevos libros.,plurales,GPT-4_human,Las escritoras y escritores famosos publicarán nuevos libros.,33.03164318013807,53.722554445266724,42.95884378260326,6,8,8,0
Los solicitantes presentaron sus documentos para solicitar el empleo.,Las personas solicitantes presentaron sus documentos para solicitar el empleo.,plurales,GPT-3.5_CaDi,Las personas solicitantes presentaron sus documentos para solicitar el empleo.,100.00000000000004,97.0336377620697,98.1988107380012,9,10,10,0
Los inspectores supervisaron el cumplimiento de las normativas de seguridad.,La inspección supervisó el cumplimiento de las normativas de seguridad.,plurales,GPT-3.5_fewshot,El personal de inspección supervisó el cumplimiento de las normativas de seguridad.,73.61703354503868,49.18714165687561,56.71559405060948,10,12,10,-2
Los observadores presenciaron el eclipse desde sus telescopios.,Observadoras y observadores presenciaron el eclipse desde sus telescopios.,plurales,GPT-3.5_CaDi,Observadores y observadoras presenciaron el eclipse desde sus telescopios.,66.06328636027612,93.0198609828949,79.96778510086229,8,9,9,0
Los astrólogos interpretan el horóscopo y las estrellas.,Astrólogas y astrólogos interpretan el horóscopo y las estrellas.,plurales,GPT-3.5_CaDi,Astrónomas y astrólogos interpretan el horóscopo y las estrellas.,88.01117367933934,73.77460598945618,78.87830489472658,8,9,9,0
Los zoólogos estudian la fauna y flora en su hábitat natural.,Las personas expertas en zoología estudian la fauna y flora en su hábitat natural.,plurales,GPT-3.5_CaDi,Zoólogas y zoólogos estudian la fauna y flora en su hábitat natural.,63.119533078481844,37.750762701034546,44.98243211028771,11,12,14,2
Los docentes enseñan a los estudiantes en la escuela.,El personal docente enseña a los estudiantes en la escuela.,plurales,GPT-3.5_CaDi,El profesorado enseña en la escuela.,25.694343649393552,18.472564220428467,20.81242105933754,9,6,10,4
Los extremistas representan una amenaza para la estabilidad del país.,Las y los extremistas representan una amenaza para la estabilidad del país.,plurales,GPT-3.5_CaDi,Las personas extremistas representan una amenaza para la estabilidad del país.,76.04321823471474,55.70066571235657,62.37512998263028,10,11,12,1
Los biógrafos investigan la vida de personas destacadas.,Biógrafas y biógrafos investigan la vida de personas destacadas.,plurales,GPT-3.5_CaDi,Las biografías investigan la vida de personas destacadas.,64.96350258549114,46.738189458847046,52.64606707741976,8,8,9,1
Los jugadores entrenan para el campeonato.,El equipo entrena para el campeonato.,plurales,GPT-4_human,Las personas jugadoras entrenan para el campeonato.,34.57207846419409,17.59430468082428,21.895265173242535,6,7,6,-1
Los organistas interpretaron música sagrada en la ceremonia religiosa.,Las y los organistas interpretaron música sagrada en la ceremonia religiosa.,plurales,GPT-3.5_CaDi,Organistas interpretaron música sagrada en la ceremonia religiosa.,61.86101569833724,38.32358717918396,45.20333344815433,9,8,11,3
Los antropólogos estudian las culturas humanas.,Antropólogas y antropólogos estudian las culturas humanas.,plurales,GPT-3.5_CaDi,Antropólogas y antropólogos estudian las culturas humanas.,100.00000000000004,97.23107814788818,98.32004017889564,6,7,7,0
"Los autores escriben libros, cuentos o poesías.","Autoras y autores escriben libros, cuentos o poesías.",plurales,GPT-3.5_CaDi,"Las personas autoras escriben libros, cuentos o poesías.",63.894310424627285,35.027921199798584,42.754171253612974,7,8,8,0
Las floristas trabajan con flores hermosas.,Las y los floristas trabajan con hermosas flores.,plurales,GPT-3.5_CaDi,Las y los floristas trabajan con flores hermosas.,65.00593260343696,72.2403347492218,69.16158369114002,6,8,8,0
Los comediantes hacen reír a la audiencia con sus chistes.,Las y los comediantes hacen reír a la audiencia con sus chistes.,plurales,GPT-3.5_CaDi,Las y los cómicos hacen reír a la audiencia con sus chistes.,76.11606003349888,67.14500188827515,70.46711049614919,10,12,12,0
Los ermitaños viven en la soledad de las montañas.,Las y los ermitaños viven en la soledad de las montañas.,plurales,GPT-3.5_CaDi,Las y los ermitaños viven en la soledad de las montañas.,100.00000000000004,98.72648119926453,99.23197634932454,9,11,11,0
Los niños juegan felices en el patio de recreo.,Las criaturas juegan felices en el patio de recreo.,plurales,GPT-3.5_fewshot,Las niñas y niños juegan felices en el patio de recreo.,63.15552371794033,25.594234466552734,33.58369891839861,9,11,9,-2
Los latifundistas poseían extensas propiedades en la región.,Las y los latifundistas poseían extensas propiedades en la región.,plurales,GPT-3.5_CaDi,Quienes poseían extensas propiedades en la región.,57.793909077763935,21.681717038154602,28.90655495102408,8,7,10,3
Los historiadores investigaron los eventos del pasado.,Las personas historiadoras investigaron los eventos del pasado.,plurales,GPT-3.5_CaDi,La comunidad de historiadores investigó los eventos del pasado.,39.281465090051306,34.755390882492065,36.434612996726834,7,9,8,-1
¿ ninguna tiene dudas?,¿ nadie tiene dudas?,dificultades_variadas,neutral_es,¿ nadie tiene dudas?,100.00000000000004,104.17001247406006,102.46095857265165,4,4,4,0
Los cerrajeros reparan cerraduras y hacen llaves.,El servicio de cerrajería reparan cerraduras y hacen llaves.,plurales,GPT-3.5_CaDi,Las y los cerrajeros reparan cerraduras y hacen llaves.,51.697315395717055,13.744653761386871,19.458780298339043,7,9,9,0
Los escritores presentaron sus libros en la feria literaria.,Las escritoras y los escritores presentaron sus libros en la feria literaria.,plural_complejo,GPT-3.5_fewshot,Las escritoras y los escritores presentaron sus libros en la feria literaria.,100.00000000000004,94.45359706878662,96.59665290403602,9,12,12,0
Los formadores Martín y Lucas impartirán la asignatura de Ciencias de la Tierra.,Los formadores Martín y Lucas impartirán la asignatura de Ciencias de la Tierra.,no_cambia,neutral_es,Los formadores Martín y Lucas impartirán la asignatura de Ciencias de la Tierra.,100.00000000000004,95.05608677864075,96.97380712737097,13,13,13,0
Los coordinadores Ali Ahmed y Wei Zhang coordinaron las actividades del equipo,Los coordinadores Ali Ahmed y Wei Zhang coordinaron las actividades del equipo,nombres_propios,GPT-3.5_fewshot,Los coordinadores Ali Ahmed y Wei Zhang coordinaron las actividades del equipo,100.00000000000004,98.82511496543884,99.29174048524543,12,12,12,0
la madre de Juan es una gran investigador,la madre de Juan es una gran investigadora,feminizar_profesiones,human_combinatory,la madre de Juan es una gran investigadora,100.00000000000004,101.20106935501099,100.71719600443674,8,8,8,0
Los secretarios manejan la correspondencia con eficiencia.,La secretaría maneja la correspondencia con eficiencia.,plural_neutro,GPT-3.5_fs_multiplication,La secretaría maneja la correspondencia con eficiencia.,100.00000000000004,95.89855074882507,97.49808453200421,7,7,7,0
La cultura navarra se manifiesta en las fiestas y en las tradiciones de los navarros.,La cultura navarra se manifiesta en las fiestas y en las tradiciones del pueblo navarro.,culturas,GPT-3.5_fewshot,La cultura navarra se manifiesta en las fiestas y en las tradiciones del pueblo navarro.,100.00000000000004,93.59393119812012,96.05527807874469,15,15,15,0
Se recomienda a los clientes que revisen sus cuentas bancarias regularmente.,Se recomienda revisar las cuentas bancarias regularmente.,omision,GPT-3.5_fewshot,Se recomienda revisar las cuentas bancarias regularmente.,100.00000000000004,98.61399531364441,99.16376106384901,11,7,7,0
Los beneficiarios de la beca,Quienes se beneficien de la subvención,persona_generica,guia_CONICET,Las personas beneficiarias de la beca,16.233395773754946,0.0,0.0016665982234710594,5,6,6,0
El manco no pudo cargar las cajas pesadas.,La persona con discapacidad física no pudo cargar las cajas pesadas.,terminologia,GPT-3.5_fewshot,La persona con discapacidad no pudo cargar las cajas pesadas.,74.26141117870938,75.71790814399719,75.12850678251748,8,10,11,1
Deberán participar los docentes que hayan presentado la solicitud,Deberá participar cualquier docente que haya presentado la solicitud,parafrasis,GPT-3.5_fs_multiplication,Deberá participar cualquier docente que haya presentado la solicitud,100.00000000000004,103.875732421875,102.28993869455465,9,9,9,0
Los historiadores tradicionales,La historia tradicional,otros,guia_IEM,Los historiadores tradicionales,0.0,16.94367080926895,0.002499778698011238,3,3,3,0
Va dirigido a los estudiantes de la Universidad de Granada,Va dirigido a estudiantes de la Universidad de Granada,dificultades_variadas,neutral_es,Va dirigido a estudiantes de la Universidad de Granada,100.00000000000004,99.01960492134094,99.40944705198892,10,9,9,0
Está dirigido a los estudiantes de la Universidad de Granada,Está dirigido a estudiantes de la Universidad de Granada,dificultades_variadas,neutral_es,Está dirigido a estudiantes de la Universidad de Granada,100.00000000000004,98.81711602210999,99.28689553387584,10,9,9,0
Los ingenieros y las ingenieras trabajan en el proyecto.,El equipo de ingeniería trabaja en el proyecto.,plurales,GPT-4_human,Los ingenieros y las ingenieras trabajan en el proyecto.,26.269098944241577,27.292251586914062,26.873573087422166,9,9,8,-1
Los policías patrullaban las calles para mantener el orden.,La policía patrulló las calles para mantener el orden.,plurales,GPT-3.5_CaDi,La policía patrullaba las calles para mantener el orden.,70.71067811865478,72.51057624816895,71.77973214337844,9,9,9,0
Es crucial solventar los problemas que presenta el promotor incorporando personal cualificado con un perfil diferente para compensar las carencias,Es crucial solventar los problemas que presenta el equipo promotor incorporando personal cualificado con un perfil diferente para compensar las carencias,plural_complejo,neutral_es,Es crucial solventar los problemas que presenta el equipo promotor incorporando personal cualificado con un perfil diferente para compensar las carencias,100.00000000000004,100.01845359802246,100.01107134158914,20,21,21,0
Los artistas mexicanos son reconocidos por su talento y creatividad.,La comunidad artística mexicana es reconocida por su talento y creatividad.,plural_complejo,GPT-3.5_fewshot,Las y los artistas mexicanos son reconocidos por su talento y creatividad.,38.058030016749456,16.390439867973328,21.223775330313963,10,12,11,-1
Cada asistente al viaje obtendrá una acreditación,Cada asistente al viaje obtendrá una acreditación,no_cambia,neutral_es,Cada asistente al viaje obtendrá una acreditación,100.00000000000004,101.34426355361938,100.80224442042973,7,7,7,0
Los formadores Fernando y Javier impartirán la asignatura de Ciencias de la Tierra.,Los formadores Fernando y Javier impartirán la asignatura de Ciencias de la Tierra.,no_cambia,neutral_es,Los formadores Fernando y Javier impartirán la asignatura de Ciencias de la Tierra.,100.00000000000004,94.87774968147278,96.862362755381,13,13,13,0
Los profesores Li Wang y Miguel Torres participaron en actividades extracurriculares,Los profesores Li Wang y Miguel Torres participaron en actividades extracurriculares,nombres_propios,GPT-3.5_fewshot,Los profesores Li Wang y Miguel Torres participaron en actividades extracurriculares,100.00000000000004,99.7313916683197,99.8386616536957,11,11,11,0
Los jóvenes Santiago García y Juan Martínez contribuyeron al desarrollo de la comunidad.,Los jóvenes Santiago García y Juan Martínez contribuyeron al desarrollo de la comunidad.,nombres_propios,GPT-3.5_fewshot,Los jóvenes Santiago García y Juan Martínez contribuyeron al desarrollo de la comunidad.,100.00000000000004,96.73461318016052,98.01483862899175,13,13,13,0
la cuñada de mi marido Miguel era marina y se involucra en la protección y rescate de animales.,la cuñada de mi marido Miguel era marina y se involucra en la protección y rescate de animales.,feminizar_profesiones,human_combinatory,la cuñada de mi marido Miguel era marina y se involucra en la protección y rescate de animales.,100.00000000000004,96.16115093231201,97.66077076755491,18,18,18,0
el hermano de mi primo está trabajando de recepcionista,el hermano de mi primo está trabajando de recepcionista,feminizar_profesiones,human_combinatory,el hermano de mi primo está trabajando de recepcionista,100.00000000000004,100.86250305175781,100.51572258185189,9,9,9,0
Los docentes recibieron colaboración estrecha del vicedirector.,El personal docente recibió colaboración estrecha de la vicedirección.,plural_neutro,GPT-3.5_fs_multiplication,El profesorado recibió colaboración estrecha del vicedirector.,18.190371142855735,14.408889412879944,15.715704999250075,7,7,9,2
Los coordinadores coordinaron las actividades del equipo,La coordinación coordinó las actividades del equipo,plural_neutro,GPT-3.5_fewshot,La coordinación coordinó las actividades del equipo,100.00000000000004,99.5870053768158,99.75179319378387,7,7,7,0
Los portugueses son conocidos por su vino,Portugal es conocida por su vino.,culturas,GPT-3.5_fs_multiplication,La población portuguesa es conocida por su vino.,58.73949094699213,0.0,0.0016666477509681692,7,8,6,-2
La historia canaria está marcada por su posición geográfica y por la diversidad de su población.,La historia canaria está marcada por su posición geográfica y por la diversidad de su pueblo canario.,culturas,GPT-3.5_fewshot,La historia canaria está marcada por su posición geográfica y por la diversidad de su población.,83.38719597502187,55.83624243736267,64.3392654346493,16,16,17,1
Los electricistas del edificio revisarán la instalación eléctrica.,Electricistas del edificio revisarán la instalación eléctrica.,omision,GPT-3.5_fewshot,Electricistas revisarán la instalación eléctrica.,56.98363775444274,57.42550492286682,57.247938271253304,8,5,7,2
Los ingenieros de software están desarrollando nuevas funciones para la aplicación móvil.,El equipo de ingeniería de software está desarrollando nuevas funciones para la aplicación móvil.,omision,GPT-3.5_fewshot,Los ingenieros y las ingenieras de software están desarrollando nuevas funciones para la aplicación móvil.,48.415247130345996,32.998159527778625,37.81477147605936,12,15,14,-1
Dichos miembros del equipo serán promovidos por su desempeño.,Tales miembros del equipo serán promovidos por su desempeño.,persona_generica,GPT-3.5_fewshot,Tales miembros del equipo serán promovidos por su desempeño.,100.00000000000004,99.27449822425842,99.5634320111505,9,9,9,0
Los derechos del hombre,Los derechos humanos,persona_generica,guia_ONU,Los derechos humanos,0.0,106.16064071655273,0.0024999646766731085,4,3,3,0
El deudor negociaba con el banco para refinanciar su préstamo.,La persona deudora negociaba con el banco para refinanciar su préstamo.,terminologia,GPT-3.5_fs_multiplication,La persona deudora negociaba con el banco para refinanciar su préstamo.,100.00000000000004,97.87953495979309,98.71683736988362,10,11,11,0
Los mendigos buscan refugio en los rincones de la ciudad.,Las personas que viven en situación de calle buscan refugio en los rincones de la ciudad.,terminologia,GPT-3.5_fs_multiplication,Las personas en situación de mendicidad buscan refugio en los rincones de la ciudad.,60.3182295008993,51.309627294540405,54.569644887224854,10,14,16,2
Llegarán a la final distintos albañiles del país,Llegarán a la final albañiles diferentes del país,parafrasis,GPT-3.5_fs_multiplication,Llegarán a la final albañiles diferentes del país,100.00000000000004,101.86400413513184,101.11012536797345,8,8,8,0
Intervendrán distintos ponentes,Intervendrán diferentes ponentes,parafrasis,guía_CCGG,Intervendrán distintas personas especialistas,15.97357760615681,0.0,0.0016665971102549746,3,4,3,-1
Anímate hazte socio y forma parte de nuestro reto,Anímate asóciate y forma parte de nuestro reto,dificultades_variadas,neutral_es,Anímate asóciate y forma parte de nuestro reto,100.00000000000004,102.53567695617676,101.50612993780094,9,8,8,0
"“Los asesores externos de este Consejo
son profesionales relacionados con…” ","“La asesoría externa de este Consejo está compuesta
por personas profesionales relacionadas con…” ",dificultades_variadas,guia_CL,“El personal externo de este Consejoson profesionales relacionados con…”,7.270717733704594,22.435028851032257,12.231055323002169,10,9,13,4
Los muchachos jugaron al fútbol en el parque.,La muchachada jugó al fútbol en el parque.,plurales,GPT-3.5_CaDi,Las muchachas y los muchachos jugaron al fútbol en el parque.,41.72261448611506,41.524022817611694,41.603232190251035,8,11,8,-3
Los mayores disfrutan de paseos tranquilos por el vecindario.,Las personas mayores disfrutan de paseos tranquilos por el vecindario.,plurales,GPT-3.5_fewshot,Las personas mayores disfrutan de paseos tranquilos por el vecindario.,100.00000000000004,98.82462620735168,99.29144445393308,9,10,10,0
La mayoría de los empleados se esfuerzan por alcanzar objetivos.,La mayoría del personal se esfuerza por alcanzar objetivos.,plural_complejo,GPT-3.5_fewshot,La mayoría del personal se esfuerza por alcanzar objetivos.,100.00000000000004,98.17940592765808,98.89963025001808,10,9,9,0
Los músicos ensayan sus piezas antes del concierto.,Los y las músicas ensayan sus piezas antes del concierto.,plural_complejo,GPT-3.5_fewshot,Las personas músicas ensayan sus piezas antes del concierto.,68.752775993657,46.914488077163696,53.74271495624598,8,9,10,1
Se han incorporado al centro dos docentes para el nuevo curso. Los profesores Carlos y Raúl serán los responsables de coordinar el departamento de Conocimiento del Medio.,Se han incorporado al centro dos docentes para el nuevo curso. Los profesores Carlos y Raúl serán los responsables de coordinar el departamento de Conocimiento del Medio.,no_cambia,neutral_es,Se han incorporado al centro dos docentes para el nuevo curso. Los profesores Carlos y Raúl serán los responsables de coordinar el departamento de Conocimiento del Medio.,100.00000000000004,89.84680771827698,93.65020174024025,27,27,27,0
Tenemos que solventar los problemas que presenta el equipo promotor contratando personal cualificado con un perfil diferente para compensar las carencias,Tenemos que solventar los problemas que presenta el equipo promotor contratando personal cualificado con un perfil diferente para compensar las carencias,no_cambia,neutral_es,Tenemos que solventar los problemas que presenta el equipo promotor contratando personal cualificado con un perfil diferente para compensar las carencias,100.00000000000004,99.58134293556213,99.74838439874132,21,21,21,0
Los legisladores Ali Ahmed y Wei Zhang promovieron políticas de inclusión social,Los legisladores Ali Ahmed y Wei Zhang promovieron políticas de inclusión social,nombres_propios,GPT-3.5_fewshot,Los legisladores Ali Ahmed y Wei Zhang promovieron políticas de inclusión social,100.00000000000004,97.09709882736206,98.23779729522478,12,12,12,0
La intendenta Martínez gestionó los servicios municipales.,La intendenta Martínez gestionó los servicios municipales.,nombres_propios,GPT-3.5_fewshot,La intendenta Martínez gestionó los servicios municipales.,100.00000000000004,96.23691439628601,97.70764329978296,7,7,7,0
la prima de mi novio es una bombero malísima y organiza reuniones literarias para discutir libros con amigos.,la prima de mi novio es una bombera malísima y organiza reuniones literarias para discutir libros con amigos.,feminizar_profesiones,human_combinatory,la prima de mi novio es una bombera malísima y organiza reuniones literarias para discutir libros con amigos.,100.00000000000004,93.98602843284607,96.30267462088972,18,18,18,0
Con experiencia previa  la cuñada de mi madre era muy buena escritor,Con experiencia previa  la cuñada de mi madre era muy buena escritora,feminizar_profesiones,human_combinatory,Con experiencia previa  la cuñada de mi madre era muy buena escritora,100.00000000000004,101.5774130821228,100.94051353585223,12,12,12,0
Los alumnos destacaron en sus estudios,El alumnado destacó en sus estudios,plural_neutro,GPT-3.5_fewshot,El alumnado destacó en sus estudios.,80.91067115702207,105.08835315704346,93.86846414390095,6,6,6,0
La redactora revisó cuidadosamente el documento antes de su publicación.,La redacción revisó cuidadosamente el documento antes de su publicación.,plural_neutro,GPT-3.5_fewshot,La persona redactora revisó cuidadosamente el documento antes de su publicación.,72.92571723872932,57.566314935684204,62.86226155933303,10,11,10,-1
Los canadienses son amantes del hockey,En Canadá son amantes del hockey.,culturas,GPT-3.5_fs_multiplication,La población canadiense es amante del hockey.,20.556680845025987,9.900902211666107,12.490798628078858,6,7,6,-1
Los chinos son maestros en la cocina tradicional.,La población china es maestra en la cocina tradicional.,culturas,GPT-3.5_fewshot,La población china es maestra en la cocina tradicional.,100.00000000000004,97.03020453453064,98.19670100399348,8,9,9,0
Los cocineros prepararon una variedad de platos para el banquete de la boda.,Se preparó una variedad de platos para el banquete de la boda.,omision,GPT-3.5_fewshot,Los cocineros y las cocineras prepararon una variedad de platos para el banquete de la boda.,61.02169202557915,20.16257643699646,27.53823512244926,13,16,12,-4
"“Se promueve la divulgación de los
derechos laborales de los artistas”","“Se promueve la divulgación de los derechos
laborales para profesionales de las artes”",omision,guia_CL,“Se promueven la divulgación de los derechos laborales de los artistas”,41.36817680097795,50.388723611831665,46.346302383800456,11,11,13,2
"Cuando uno no tiene salud, todo es más difícil","Cuando alguien no tiene salud, todo es más difícil",persona_generica,guia_MX,"Cuando alguien no tiene salud, todo es más difícil",100.00000000000004,102.88161039352417,101.70926449873518,9,9,9,0
El formulario de inscripción debe ser completado y entregado al interesado en la oficina de admisiones.,El formulario de inscripción debe ser completado y entregado a la persona interesada en la oficina de admisiones.,persona_generica,GPT-3.5_fewshot,El formulario de inscripción debe completarse y entregarse en la oficina de admisiones.,44.06628592496888,33.103567361831665,36.76177433283564,16,13,18,5
Los musulmanes practican su religión en comunidades diversas.,Las personas musulmanas practican su religión en comunidades diversas.,terminologia,GPT-3.5_fs_multiplication,Las personas musulmanas practican su religión en comunidades diversas.,100.00000000000004,95.93098759651184,97.51819863577096,8,9,9,0
Los musulmanes practican el islam como su religión.,Las personas musulmanas practican el islam como su religión.,terminologia,GPT-3.5_fewshot,Las personas musulmanas practican el islam como su religión.,100.00000000000004,97.63525128364563,98.56760172223275,8,9,9,0
Deberán participar los detectives que se hayan comprometido,Deberá participar cualquier detective que se haya comprometido,parafrasis,GPT-3.5_fs_multiplication,Deberá haber detectives que se hayan comprometido,13.540372457315735,37.033072113990784,21.861259161077555,8,7,8,1
"Según han estimado muchos expertos, la economía mundial enfrentará desafíos significativos en el próximo año.","Según han estimado multitud de especialistas, la economía mundial enfrentará desafíos significativos en el próximo año.",parafrasis,GPT-3.5_fewshot,"Según han estimado numerosos expertos, la economía mundial enfrentará desafíos significativos en el próximo año.",71.89085812023326,56.071895360946655,61.48345694869077,15,15,16,1
"Buenas tardes a todos, rogamos estén presentes","Buenas tardes, rogamos estén presentes",dificultades_variadas,neutral_es,Buenas tardes a quienes estén presentes rogamos estén presentes,22.31618068926664,33.1460177898407,27.75777976904148,7,9,5,-4
Se debería proteger competentemente a los trabajadores del riesgo de contraer cáncer como consecuencia de la exposición a la radiación,Se debería proteger competentemente al equipo del riesgo de contraer cáncer como consecuencia de la exposición a la radiación,dificultades_variadas,neutral_es,Se debería proteger competentemente al equipo del riesgo de contraer cáncer como consecuencia de la exposición a la radiación,100.00000000000004,97.8452742099762,98.69592482836796,20,19,19,0
Mientras esté ingresado no debe tomar ninguna medicación que no le sea suministrada por los especializados,Mientras esté ingresado no debe tomar ninguna medicación que no le sea suministrada por el personal experto,dificultades_variadas,neutral_es,Mientras esté ingresado no debe tomar ninguna medicación que no le sea suministrada por el personal especializado,93.51334836242394,59.14507508277893,69.33845626497089,16,17,17,0
Los surfistas disfrutaron de las olas en la playa durante todo el día.,Las y los surfistas disfrutaron de las olas en la playa durante todo el día.,plurales,GPT-3.5_CaDi,Las y los surfistas disfrutaron de las olas en la playa durante todo el día.,100.00000000000004,97.2529947757721,98.33348516563831,13,15,15,0
Los tenistas compitieron en un emocionante partido de tenis.,Las y los tenistas compitieron en un emocionante partido de tenis.,plurales,GPT-3.5_CaDi,Las y los tenistas compitieron en un emocionante partido de tenis.,100.00000000000004,96.74248099327087,98.0196849401758,9,11,11,0
Los políticos debaten sobre la nueva ley.,La clase política debate sobre la nueva ley.,plurales,GPT-4_human,La clase política debate sobre la nueva ley.,100.00000000000004,93.718022108078,96.13366022078405,7,8,8,0
Los trabajadores,El personal,plural_complejo,guia_CONICET,La plantilla,0.0,0.0,0.001,2,2,2,0
Los empleados están colaborando en un proyecto conjunto.,Las empleadas y los empleados están colaborando en un proyecto conjunto.,plural_complejo,GPT-3.5_fs_multiplication,El personal está colaborando en un proyecto conjunto.,42.0886844306855,19.935230910778046,25.25175282155163,8,8,11,3
Estamos buscando un diseñador gráfico para crear contenido visual.,Estamos buscando un diseñador o una diseñadora gráfica para crear contenido visual.,plural_complejo,GPT-3.5_fewshot,Estamos buscando una diseñadora o diseñador gráfico para crear contenido visual.,39.3123023678539,70.66531777381897,53.57431768816123,9,11,12,1
El personal intermediador del acuerdo se ocupará también de saber si el local tiene las deudas saldadas y si no hay problemas legales pendientes,El personal intermediador del acuerdo se ocupará también de saber si el local tiene las deudas saldadas y si no hay problemas legales pendientes,no_cambia,neutral_es,El personal intermediador del acuerdo se ocupará también de saber si el local tiene las deudas saldadas y si no hay problemas legales pendientes,100.00000000000004,100.78811645507812,100.47138385156657,24,24,24,0
Es importante cubrir las carencias que tiene el equipo promotor incorporando personal cualificado con un perfil diferente para compensar los fallos,Es importante cubrir las carencias que tiene el equipo promotor incorporando personal cualificado con un perfil diferente para compensar los fallos,no_cambia,neutral_es,Es importante cubrir las carencias que tiene el equipo promotor incorporando personal cualificado con un perfil diferente para compensar los fallos,100.00000000000004,101.57983303070068,100.94194734033465,21,21,21,0
Solo se admiten estudiantes con autorización,Solo se admiten estudiantes con autorización,no_cambia,neutral_es,Solo se admiten estudiantes con autorización,100.00000000000004,102.99804210662842,101.77750907576089,6,6,6,0
Los profesores Ahmed Mahmoud y Mohamed Ali organizaron talleres de desarrollo profesional,Los profesores Ahmed Mahmoud y Mohamed Ali organizaron talleres de desarrollo profesional,nombres_propios,GPT-3.5_fewshot,Los profesores Ahmed Mahmoud y Mohamed Ali organizaron talleres de desarrollo profesional,100.00000000000004,98.14320206642151,98.87758484730837,12,12,12,0
La vicedirectora Martínez lideró la reunión del equipo administrativo.,La vicedirectora Martínez lideró la reunión del equipo administrativo.,nombres_propios,GPT-3.5_fewshot,La vicedirectora Martínez lideró la reunión del equipo administrativo.,100.00000000000004,95.64650654792786,97.34161080901264,9,9,9,0
Las senadoras Mónica Khan y Wei Zhang investigaron casos de corrupción,Las senadoras Mónica Khan y Wei Zhang investigaron casos de corrupción,nombres_propios,GPT-3.5_fewshot,Las senadoras Mónica Khan y Wei Zhang investigaron casos de corrupción,100.00000000000004,99.92309212684631,99.95384107616917,11,11,11,0
la tía de Ángel trabaja de periodista,la tía de Ángel trabaja de periodista,feminizar_profesiones,human_combinatory,la tía de Ángel trabaja de periodista,100.00000000000004,100.35827159881592,100.21465533964265,7,7,7,0
el marido de mi abuelo era soldador y practica yoga para relajarse y mantenerse en forma.,el marido de mi abuelo era soldador y practica yoga para relajarse y mantenerse en forma.,feminizar_profesiones,human_combinatory,el marido de mi abuelo era soldador y practica yoga para relajarse y mantenerse en forma.,100.00000000000004,95.50259709358215,97.25212505305791,16,16,16,0
la hermana de Mario era programador y disfruta de largas caminatas por el campo.,la hermana de Mario era programadora y disfruta de largas caminatas por el campo.,feminizar_profesiones,human_combinatory,la hermana de Mario era programadora y disfruta de largas caminatas por el campo.,100.00000000000004,96.74495458602905,98.02120852718224,14,14,14,0
los alumnos se han quejado de la actitud de las profesoras en las calificaciones. Los representantes estudiantiles son los alumnos Juanju y Javi.,el alumnado se ha quejado de la actitud de el profesorado en las calificaciones. Los representantes estudiantiles son los alumnos Juanju y Javi.,dificultades_variadas,neutral_es,el alumnado se ha quejado de la actitud de el profesorado en las calificaciones. Los representantes estudiantiles son los alumnos Juanju y Javi.,100.00000000000004,94.00219321250916,96.31285683838067,23,23,23,0
todo estudiante tendrá derecho a revisar su examen.,cualquier estudiante tendrá derecho a revisar su examen.,dificultades_variadas,neutral_es,cada estudiante tendrá derecho a revisar su examen.,86.33400213704509,58.17086696624756,66.90032646315062,8,8,8,0
En la mesa redonda intervendrán distintos participantes. Dichos ponentes serán especialistas en la materia,En la mesa redonda intervendrán diferentes participantes Tales ponentes serán especialistas en la materia,dificultades_variadas,neutral_es,En la mesa redonda intervendrán distintas personas. Dichos ponentes serán especialistas en la materia,57.02822264405539,12.24161982536316,17.84847599877275,14,14,14,0
Un perfil de múltiples aristas que todos los que hablamos la lengua de Cervantes seguimos reconociendo como propio e inalienable.,Un perfil de múltiples aristas que quienes hablamos la lengua de Cervantes seguimos reconociendo como propio e inalienable.,dificultades_variadas,neutral_es,Un perfil de múltiples aristas que todas las personas que hablamos la lengua de Cervantes seguimos reconociendo como propio e inalienable.,72.45511487202049,64.43416476249695,67.41956600742758,20,21,18,-3
Anímate hazte socia y colabora con nuestro proyecto,Anímate asóciate y colabora con nuestro proyecto,dificultades_variadas,neutral_es,Anímate asóciate y colabora con nuestro proyecto,100.00000000000004,104.16193008422852,102.45626680765054,8,7,7,0
"Cuando La beneficiaria de una asignación por invalidez no reúna las condiciones , se procederá a su expulsión","Cuando La persona beneficiaria de una asignación por invalidez no reúna las condiciones , se procederá a su expulsión",dificultades_variadas,neutral_es,"Cuando La beneficiaria de una asignación por invalidez no reúna las condiciones, se procederá a su expulsión",86.94714592281682,85.94730496406555,86.34446917654462,18,17,19,2
"aquel que quiera hablar , que lo haga ahora o que calle para siempre","quien quiera hablar , que lo haga ahora o que calle para siempre",dificultades_variadas,neutral_es,"quien quiera hablar, que lo haga ahora o que calle para siempre",100.00000000000004,101.43407583236694,100.85553787466128,14,12,13,1
Se entrevistará a los profesores por orden de entrega.,Se entrevistará al profesorado por orden de entrega.,dificultades_variadas,neutral_es,Se entrevistará al profesorado por orden de entrega.,100.00000000000004,99.57813620567322,99.74645387568377,9,8,8,0
Los miembros del club deportivo deben seguir las normas establecidas por la organización.,Se deben seguir las normas establecidas por la organización.,dificultades_variadas,GPT-3.5_fewshot,La membresía del club deportivo debe seguir las normas establecidas por la organización.,51.424016050282646,0.0,0.0016666450600946394,13,13,9,-4
Los voluntarios serán capacitados para llevar a cabo labores de asistencia en casos de emergencia.,El voluntariado será capacitado para llevar a cabo labores de asistencia en casos de emergencia.,dificultades_variadas,GPT-3.5_fewshot,Las personas voluntarias serán capacitadas para llevar a cabo labores de asistencia en casos de emergencia.,67.53160327422972,46.004149317741394,52.7274470550136,15,16,15,-1
Los profesores serán evaluados por su desempeño.,El profesorado será evaluado por su desempeño.,plurales,GPT-4_human,El profesorado será evaluado por su desempeño.,100.00000000000004,100.4921555519104,100.29471315228977,7,7,7,0
Los púgiles se prepararon para el combate en el ring.,Las y los púgiles se prepararon para el combate en el ring.,plurales,GPT-3.5_CaDi,Las y los luchadores se prepararon para el combate en el ring.,76.11606003349888,70.00449299812317,72.32744034984188,10,12,12,0
Los presidentes dirigieron el país con liderazgo y responsabilidad.,La presidencia dirigió el país con liderazgo y responsabilidad.,plurales,GPT-3.5_CaDi,Las presidencias dirigieron el país con liderazgo y responsabilidad.,63.894310424627285,56.782227754592896,59.4282120641417,9,9,9,0
Los protésicos fabricaron una prótesis a medida para el paciente.,Las y los especialistas en prótesis fabricaron una prótesis a medida para el paciente.,plurales,GPT-3.5_CaDi,El equipo de prótesis fabricó una prótesis a medida para el paciente.,49.39370396127886,23.222675919532776,29.468088707382318,10,12,14,2
Los funcionarios gestionaron los trámites administrativos.,El funcionariado gestionó los trámites administrativos.,plurales,GPT-3.5_CaDi,El funcionariado gestionó los trámites administrativos.,100.00000000000004,97.57373929023743,98.52997693734503,6,6,6,0
Los indígenas preservaron sus tradiciones ancestrales.,Los pueblos originarios preservaron sus tradiciones ancestrales.,plurales,GPT-3.5_CaDi,Las personas indígenas preservaron sus tradiciones ancestrales.,51.69731539571708,23.42331111431122,29.982442477144094,6,7,7,0
Los enfermeros cuidan de los pacientes en el hospital.,El personal de enfermería cuida de los pacientes en el hospital.,plurales,GPT-3.5_CaDi,El personal de enfermería cuida de los pacientes en el hospital.,100.00000000000004,95.64576745033264,97.341151491315,9,11,11,0
Los oradores hablaron con elocuencia en el debate político.,Oradoras y oradores hablaron con elocuencia en el debate político.,plurales,GPT-3.5_CaDi,Las y los oradores hablaron con elocuencia en el debate político.,72.92571723872932,35.34151315689087,44.51916689903733,9,11,10,-1
Los feriantes montaron sus puestos en la plaza del pueblo.,Feriantas y feriantes montaron sus puestos en la plaza del pueblo.,plurales,GPT-3.5_CaDi,Las y los feriantes montaron sus puestos en la plaza del pueblo.,75.39221180326287,28.727489709854126,38.180316924179095,10,12,11,-1
Los mexicanos se enorgullecen de su rica cultura.,La población mexicana se enorgullece de su rica cultura.,plurales,GPT-3.5_CaDi,La población mexicana se enorgullece de su rica cultura.,100.00000000000004,97.03952670097351,98.20242938130508,8,9,9,0
Se entrevistará a los tutores por orden de entrega.,Se entrevistará al profesorado por orden de entrega.,dificultades_variadas,neutral_es,Se entrevistará al profesorado por orden de entrega.,100.00000000000004,99.57813620567322,99.74645387568377,9,8,8,0
Estos ordenadores permitirán que los administrativos trabaje con más eficacia y realice sus actividades de manera más óptima,Estos ordenadores permitirán que el personal administrativo trabaje con más eficacia y realice sus actividades de manera más óptima,dificultades_variadas,neutral_es,Estos ordenadores permitirán que el personal administrativo trabaje con más eficacia y realice sus actividades de manera más óptima,100.00000000000004,99.78635907173157,99.87170580747744,18,19,19,0
Número de vigilantes de seguridad en la CAM que pudieran ser asignadas a este servicio,Número de vigilantes de seguridad en la CAM que pudieran asignarse a este servicio,dificultades_variadas,neutral_es,Número de vigilantes de seguridad en la CAM que pudieran ser asignados a este servicio,72.41577342575832,75.8479654788971,74.43677400979199,15,15,14,-1
Los requisitos para los estudiantes se han endurecido en los últimos años,Los requisitos para el alumnado se han endurecido en los últimos años,dificultades_variadas,neutral_es,Los requisitos para estudiantes se han endurecido en los últimos años.,63.404662770468576,62.233686447143555,62.696848123218835,12,11,12,1
Bienvenido a la ayuda general del espacio Abierto al Público del Portal ABC,Bienvenidas y bienvenidos a la ayuda general del espacio Abierto al Público del Portal ABC,dificultades_variadas,neutral_es,Bienvenido o bienvenida a la ayuda general del espacio Abierto al Público del Portal ABC,77.60114635728617,65.23522138595581,69.6764647203378,13,15,15,0
todas las que hablamos con él sabemos la verdad,las personas que hablamos con él sabemos la verdad,dificultades_variadas,neutral_es,quienes hablamos con él sabemos la verdad,60.80253214198355,43.9579963684082,49.4362607304318,9,7,9,2
la empleada del hogar ha recogido la cocina,el servicio del hogar ha recogido la cocina,dificultades_variadas,neutral_es,el servicio de limpieza ha recogido la cocina,41.11336169005198,38.969886302948,39.79988482434051,8,8,8,0
El tiempo que esté aquí no debe tomar agua que no le sea suministrada por los expertos de nuestro centro,El tiempo que esté aquí no debe tomar agua que no le sea suministrada por el personal especializado de nuestro centro,dificultades_variadas,neutral_es,El tiempo que esté aquí no debe tomar agua que no le sea suministrada por el personal experto de nuestro centro,86.5603055254171,64.05040621757507,71.48638417486355,20,21,21,0
Cuando Las beneficiarias de una asignación por minusvalía fallezcan sin que se reúnan las condiciones se aplicará el protocolo,Cuando Las personas beneficiarias de una asignación por minusvalía fallezcan sin que se reúnan las condiciones se aplicará el protocolo,dificultades_variadas,neutral_es,Cuando Las personas beneficiarias de una asignación por minusvalía fallezcan sin que se reúnan las condiciones se aplicará el protocolo,100.00000000000004,99.25352931022644,99.5507762567058,19,20,20,0
alguno es el responsable del éxito del equipo.,cierta persona es la responsable del éxito del equipo.,dificultades_variadas,neutral_es,alguien es el responsable del éxito del equipo.,54.627576446464936,34.94633734226227,40.83050829618193,8,8,9,1
Estas herramientas permitirán que los administrativos trabajen con más eficacia,Estas herramientas permitirán que el personal administrativo trabaje con más eficacia,dificultades_variadas,neutral_es,Estas herramientas permitirán que el personal administrativo trabaje con más eficacia,100.00000000000004,101.13956928253174,100.68063902820292,10,11,11,0
"Cuando Las beneficiarias de una asignación por minusvalía no reúna las condiciones , se procederá a su expulsión","Cuando Las personas beneficiarias de una asignación por minusvalía no reúna las condiciones , se procederá a su expulsión",dificultades_variadas,neutral_es,"Cuando Las personas beneficiarias de una asignación por minusvalía no reúna las condiciones, se procederá a su expulsión",100.00000000000004,98.65019917488098,99.18572305817682,18,18,19,1
"Además , cada asignatura tiene su propia aula virtual con materiales complementarios , actividades , herramientas de auto-evaluación , foros y chats , para que el estudiante pueda comunicarse con el equipo docente , los/las tutores/as y los/las compañeros/as.","Además , cada asignatura tiene su propia aula virtual con materiales complementarios , actividades , herramientas de auto-evaluación , foros y chats , para que el alumnado pueda comunicarse con el equipo docente , los/las tutores/as y los/las compañeros/as.",dificultades_variadas,neutral_es,"Además, cada asignatura tiene su propia aula virtual con materiales complementarios, actividades, herramientas de auto-evaluación, foros y chats, para que el estudiantado pueda comunicarse con el equipo docente, los/las tutores/as y los/las compañeros/as.",94.5286184826006,79.22899723052979,84.7134017757277,39,33,39,6
las alumnas se han quejado de la actitud de las profesoras en las calificaciones. Los representantes estudiantiles son los alumnos Juanju y Javi.,el alumnado se ha quejado de la actitud de el profesorado en las calificaciones. Los representantes estudiantiles son los alumnos Juanju y Javi.,dificultades_variadas,neutral_es,el alumnado se ha quejado de la actitud de el profesorado en las calificaciones. Los representantes estudiantiles son los alumnos Juanju y Javi.,100.00000000000004,94.00219321250916,96.31285683838067,23,23,23,0
Considerando que debe protegerse eficazmente a los trabajadores del riesgo de contraer enfermedades como consecuencia de la exposición a la radiación,Considerando que debe protegerse eficazmente al equipo del riesgo de contraer enfermedades como consecuencia de la exposición a la radiación,dificultades_variadas,neutral_es,Considerando que debe protegerse eficazmente al personal del riesgo de contraer enfermedades como consecuencia de la exposición a la radiación,85.78928092681431,77.38737463951111,80.54260043790558,21,20,20,0
Esta decisión afecta a todas las cántabras,Esta decisión afecta a la población cántabra,dificultades_variadas,neutral_es,Esta decisión afecta a la población cántabra,100.00000000000004,103.54278087615967,102.09596632800017,7,7,7,0
Establecer un reconocimiento docente para todos los formadores con criterios claros,Establecer un reconocimiento docente para todo el profesorado con criterios claros,dificultades_variadas,neutral_es,Establecer un reconocimiento docente para todo el profesorado con criterios claros,100.00000000000004,102.14599370956421,101.27663760069659,11,11,11,0
No es exagerado decir que carga con una larga historia de desprestigio entre los electores y la opinión pública,No es exagerado decir que carga con una larga historia de desprestigio entre el electorado y la opinión pública,dificultades_variadas,neutral_es,No es exagerado decir que carga con una larga historia de desprestigio entre el electorado y la opinión pública,100.00000000000004,99.33342337608337,99.5989847962073,19,19,19,0
Habitualmente los equipos de trabajo funcionan únicamente como vehículo para que alguien pueda hacerse con el control o mantenerlo,Habitualmente los equipos de trabajo funcionan únicamente como vehículo para que cierta persona pueda hacerse con el control o mantenerlo,dificultades_variadas,neutral_es,Habitualmente los equipos de trabajo funcionan únicamente como vehículo para que cierta persona pueda hacerse con el control o mantenerlo,100.00000000000004,100.21017789840698,100.12600080870351,19,20,20,0
Considerando que debe protegerse eficazmente a las trabajadoras del riesgo de contraer enfermedades como consecuencia de la exposición a la radiación,Considerando que debe protegerse eficazmente al personal del riesgo de contraer enfermedades como consecuencia de la exposición a la radiación,dificultades_variadas,neutral_es,Considerando que debe protegerse eficazmente al personal del riesgo de contraer enfermedades como consecuencia de la exposición a la radiación,100.00000000000004,97.07633256912231,98.22504199381801,21,20,20,0
